{
    "MTU": "1500",
    "RTT": "0.552",
    "BB": "941",
    "BDP": 519432.00000000006,
    "RWND": 64.929,
    "WND_SIZES": [
        16232.25,
        32464.5,
        48696.75,
        64929.0
    ],
    "WND_AVG_TCP": [
        "98.8",
        "98.9",
        "98.9",
        "75.2"
    ],
    "WND_IDEAL_TCP": [
        235249.99999999997,
        470499.99999999994,
        705749.9999999999,
        940999.9999999999
    ],
    "EFF_PLOT": [
        1.0,
        1.0,
        1.0,
        1.0
    ],
    "BUF_PLOT": [
        384.09634,
        370.53936,
        403.68513,
        1596.73955
    ],
    "THPT_AVG": 98.3,
    "THPT_IDEAL": 940.9999999999999,
    "TRANSFER_AVG": 5.0,
    "TRANSFER_IDEAL": 0.4981934112646122,
    "TCP_TTR": 10.03626279863481,
    "SPEED_PLOT": [
        [
            1,
            91.8
        ],
        [
            2,
            99.9
        ],
        [
            3,
            99.9
        ],
        [
            4,
            100.0
        ],
        [
            5,
            99.9
        ]
    ],
    "TRANS_BYTES": 51947024,
    "RETX_BYTES": 0,
    "TCP_EFF": 1.0,
    "AVE_RTT": 348.85188,
    "BUF_DELAY": -0.36802195079291056
}